Northwest|768|96
Northwest|769|54
Northwest|762|154
Northwest|763|169
Northwest|760|164
Northwest|761|177
Northwest|766|94
Northwest|767|79
Northwest|764|99
Northwest|765|158
Northwest|870|947
Northwest|956|60
Northwest|981|129
Northwest|930|281
Northwest|975|53
Northwest|819|46
Northwest|939|62
Northwest|938|84
Northwest|810|102
Northwest|811|12
Northwest|931|103
Northwest|813|47
Northwest|814|100
Northwest|815|116
Northwest|816|44
Northwest|817|45
Northwest|964|45
Northwest|997|86
Northwest|996|107
Northwest|991|69
Northwest|990|72
Northwest|993|58
Northwest|718|30
Northwest|717|26
Northwest|716|333
Northwest|715|664
Northwest|714|372
Northwest|999|148
Northwest|712|887
Northwest|711|794
Northwest|710|33
Northwest|903|8
Northwest|961|130
Northwest|963|80
Northwest|928|144
Northwest|929|211
Northwest|945|126
Northwest|828|5
Northwest|825|144
Northwest|824|130
Northwest|827|2
Northwest|826|94
Northwest|924|82
Northwest|820|41
Northwest|823|56
Northwest|822|58
Northwest|890|17
Northwest|988|60
Northwest|989|70
Northwest|708|738
Northwest|709|312
Northwest|891|22
Northwest|982|82
Northwest|983|70
Northwest|980|98
Northwest|707|689
Northwest|986|86
Northwest|892|104
Northwest|984|92
Northwest|985|66
Northwest|950|13
Northwest|893|75
Northwest|894|71
Northwest|866|32
Northwest|994|81
Northwest|895|68
Northwest|832|154
Northwest|833|13
Northwest|795|87
Northwest|831|98
Northwest|793|141
Northwest|792|91
Northwest|791|56
Northwest|835|120
Northwest|838|27
Northwest|839|4
Northwest|799|133
Northwest|798|142
Northwest|713|72
Northwest|919|3
Northwest|918|77
Northwest|915|14
Northwest|914|17
Northwest|917|134
Northwest|916|87
Northwest|910|96
Northwest|913|15
Northwest|977|77
Northwest|976|157
Northwest|952|137
Northwest|920|79
Northwest|974|92
Northwest|921|645
Northwest|973|125
Northwest|904|198
Northwest|872|194
Northwest|922|282
Northwest|972|201
Northwest|784|436
Northwest|785|132
Northwest|786|144
Northwest|787|144
Northwest|780|418
Northwest|781|406
Northwest|782|538
Northwest|783|468
Northwest|896|48
Northwest|908|74
Northwest|909|104
Northwest|788|142
Northwest|789|79
Northwest|849|112
Northwest|925|136
Northwest|926|80
Northwest|927|3
Northwest|923|156
Northwest|882|56
Northwest|954|166
Northwest|881|195
Northwest|880|281
Northwest|887|16
Northwest|970|101
Northwest|797|155
Northwest|886|65
Northwest|854|209
Northwest|855|81
Northwest|856|135
Northwest|857|66
Northwest|850|51
Northwest|953|156
Northwest|852|213
Northwest|853|46
Northwest|884|346
Northwest|858|202
Northwest|859|331
Northwest|979|127
Northwest|978|53
Northwest|730|57
Northwest|732|17
Northwest|736|22
Northwest|739|72
Northwest|738|141
Northwest|965|124
Northwest|753|84
Northwest|752|65
Northwest|751|76
Northwest|750|69
Northwest|757|39
Northwest|756|28
Northwest|755|28
Northwest|754|54
Northwest|759|87
Northwest|758|64
Northwest|900|40
Northwest|987|107
Northwest|933|151
Northwest|844|114
Northwest|902|7
Northwest|932|101
Northwest|843|104
Northwest|937|149
Northwest|869|649
Northwest|868|222
Northwest|966|157
Northwest|967|106
Northwest|960|45
Northwest|841|63
Northwest|962|116
Northwest|830|11
Northwest|861|96
Northwest|860|142
Northwest|863|553
Northwest|862|313
Northwest|865|212
Northwest|864|346
Northwest|867|673
Northwest|936|69
Northwest|726|42
Northwest|727|6
Northwest|725|74
Northwest|722|53
Northwest|723|13
Northwest|969|165
Northwest|934|109
Northwest|729|89
Northwest|883|232
Northwest|741|40
Northwest|742|116
Northwest|743|245
Northwest|744|6
Northwest|745|33
Northwest|885|87
Northwest|747|130
Northwest|748|236
Northwest|749|75
Northwest|889|130
Northwest|888|13
Northwest|796|71
Northwest|935|83
Northwest|907|44
Northwest|905|122
Northwest|959|95
Northwest|958|106
Northwest|719|5
Northwest|878|418
Northwest|879|36
Northwest|876|301
Northwest|877|400
Northwest|874|185
Northwest|992|89
Northwest|955|123
Northwest|873|563
Northwest|906|30
Northwest|871|353
Northwest|968|59
Northwest|957|175
Northwest|971|64
Northwest|775|173
Northwest|774|115
Northwest|777|193
Northwest|776|162
Northwest|771|162
Northwest|770|172
Northwest|773|147
Northwest|772|137
Northwest|898|1
Northwest|899|62
Northwest|779|401
Northwest|778|165
Northwest|998|162
Northwest|794|131
Northwest|836|52
Northwest|948|139
Northwest|949|76
Northwest|946|7
Northwest|947|49
Northwest|944|94
Northwest|790|63
Northwest|942|1
Northwest|943|2
Northwest|940|69
Northwest|941|23
Northwest|951|126
Northwest|809|295
Northwest|808|188
Northwest|875|254
Northwest|802|31
Northwest|801|177
Northwest|800|115
Northwest|807|42
Northwest|806|111
Northwest|805|24
Northwest|804|71
Northeast|768|135
Northeast|769|65
Northeast|762|320
Northeast|763|253
Northeast|760|320
Northeast|761|283
Northeast|766|140
Northeast|767|54
Northeast|764|150
Northeast|765|256
Northeast|870|239
Northeast|871|2
Northeast|981|21
Northeast|930|3
Northeast|819|65
Northeast|939|69
Northeast|938|76
Northeast|810|50
Northeast|811|30
Northeast|813|89
Northeast|814|57
Northeast|815|68
Northeast|816|44
Northeast|817|20
Northeast|994|28
Northeast|997|7
Northeast|996|33
Northeast|991|11
Northeast|990|20
Northeast|719|19
Northeast|718|85
Northeast|717|72
Northeast|716|242
Northeast|715|549
Northeast|714|291
Northeast|999|102
Northeast|712|514
Northeast|711|423
Northeast|710|1
Northeast|961|37
Northeast|963|23
Northeast|892|17
Northeast|923|1
Northeast|945|35
Northeast|951|45
Northeast|828|12
Northeast|953|41
Northeast|825|93
Northeast|824|80
Northeast|827|9
Northeast|826|107
Northeast|924|30
Northeast|820|67
Northeast|823|40
Northeast|822|95
Northeast|890|1
Northeast|988|45
Northeast|989|14
Northeast|708|405
Northeast|709|20
Northeast|982|15
Northeast|983|11
Northeast|980|11
Northeast|707|340
Northeast|986|18
Northeast|987|17
Northeast|984|27
Northeast|985|35
Northeast|950|6
Northeast|893|12
Northeast|894|28
Northeast|866|2
Northeast|895|8
Northeast|832|122
Northeast|796|37
Northeast|795|80
Northeast|831|76
Northeast|836|88
Northeast|792|38
Northeast|791|46
Northeast|835|144
Northeast|838|84
Northeast|839|20
Northeast|799|96
Northeast|798|163
Northeast|918|24
Northeast|915|4
Northeast|914|7
Northeast|917|42
Northeast|916|23
Northeast|910|24
Northeast|913|16
Northeast|977|48
Northeast|976|169
Northeast|975|14
Northeast|920|19
Northeast|974|70
Northeast|921|4
Northeast|973|153
Northeast|904|65
Northeast|784|121
Northeast|785|74
Northeast|786|87
Northeast|787|89
Northeast|780|167
Northeast|781|151
Northeast|782|148
Northeast|783|171
Northeast|896|2
Northeast|908|15
Northeast|909|30
Northeast|788|88
Northeast|789|98
Northeast|849|110
Northeast|925|36
Northeast|926|28
Northeast|952|53
Northeast|927|1
Northeast|954|27
Northeast|881|146
Northeast|880|191
Northeast|970|17
Northeast|797|176
Northeast|854|207
Northeast|855|95
Northeast|856|158
Northeast|857|70
Northeast|850|46
Northeast|972|41
Northeast|852|217
Northeast|853|50
Northeast|884|291
Northeast|858|172
Northeast|859|255
Northeast|979|31
Northeast|978|19
Northeast|730|106
Northeast|733|27
Northeast|732|37
Northeast|736|44
Northeast|739|33
Northeast|738|204
Northeast|965|40
Northeast|753|50
Northeast|752|23
Northeast|751|17
Northeast|750|19
Northeast|757|19
Northeast|756|65
Northeast|755|47
Northeast|754|130
Northeast|833|29
Northeast|759|56
Northeast|758|108
Northeast|900|3
Northeast|844|124
Northeast|902|1
Northeast|843|97
Northeast|937|36
Northeast|869|173
Northeast|868|33
Northeast|966|28
Northeast|967|25
Northeast|960|19
Northeast|841|67
Northeast|962|27
Northeast|830|4
Northeast|861|34
Northeast|860|102
Northeast|863|371
Northeast|862|260
Northeast|865|194
Northeast|864|398
Northeast|867|182
Northeast|936|30
Northeast|726|110
Northeast|727|19
Northeast|725|115
Northeast|722|123
Northeast|723|17
Northeast|969|35
Northeast|729|132
Northeast|883|261
Northeast|741|2
Northeast|742|23
Northeast|743|86
Northeast|887|4
Northeast|886|8
Northeast|885|9
Northeast|747|41
Northeast|748|85
Northeast|749|33
Northeast|889|19
Northeast|935|19
Northeast|907|23
Northeast|905|45
Northeast|959|22
Northeast|958|24
Northeast|993|7
Northeast|878|1
Northeast|876|240
Northeast|877|246
Northeast|874|127
Northeast|992|17
Northeast|955|23
Northeast|873|78
Northeast|906|18
Northeast|956|26
Northeast|968|28
Northeast|957|33
Northeast|971|14
Northeast|775|8
Northeast|774|4
Northeast|777|5
Northeast|776|8
Northeast|771|3
Northeast|770|317
Northeast|773|5
Northeast|772|9
Northeast|898|4
Northeast|899|6
Northeast|779|156
Northeast|778|12
Northeast|998|145
Northeast|794|148
Northeast|793|194
Northeast|948|57
Northeast|949|37
Northeast|946|1
Northeast|947|8
Northeast|944|32
Northeast|790|78
Northeast|943|1
Northeast|940|88
Northeast|941|13
Northeast|964|25
Northeast|809|122
Northeast|808|53
Northeast|875|270
Northeast|802|8
Northeast|801|210
Northeast|800|41
Northeast|807|18
Northeast|806|37
Northeast|805|7
Northeast|804|31
Central|768|108
Central|769|105
Central|762|234
Central|763|197
Central|760|249
Central|761|192
Central|766|137
Central|767|104
Central|764|109
Central|765|211
Central|957|39
Central|930|1
Central|819|82
Central|939|64
Central|938|97
Central|810|55
Central|811|17
Central|992|45
Central|813|58
Central|814|43
Central|815|53
Central|816|32
Central|817|19
Central|994|13
Central|997|51
Central|996|23
Central|981|51
Central|990|70
Central|719|7
Central|718|31
Central|717|29
Central|716|214
Central|715|562
Central|714|286
Central|999|93
Central|712|584
Central|711|440
Central|710|12
Central|884|277
Central|891|3
Central|967|29
Central|906|22
Central|963|11
Central|929|1
Central|945|28
Central|964|1
Central|828|2
Central|825|57
Central|824|56
Central|827|3
Central|826|107
Central|924|36
Central|820|71
Central|823|35
Central|822|91
Central|890|15
Central|988|62
Central|989|36
Central|708|385
Central|709|133
Central|961|24
Central|982|38
Central|968|2
Central|980|44
Central|707|349
Central|986|50
Central|892|29
Central|984|42
Central|969|68
Central|893|16
Central|894|12
Central|975|54
Central|895|10
Central|797|155
Central|796|112
Central|795|119
Central|794|131
Central|836|78
Central|792|111
Central|791|65
Central|790|63
Central|838|34
Central|839|4
Central|799|134
Central|798|127
Central|919|4
Central|918|40
Central|915|3
Central|914|1
Central|917|72
Central|916|11
Central|911|1
Central|910|49
Central|913|14
Central|977|58
Central|976|120
Central|952|44
Central|920|40
Central|974|97
Central|921|2
Central|973|112
Central|904|92
Central|872|1
Central|922|1
Central|972|36
Central|784|158
Central|785|54
Central|786|67
Central|844|97
Central|780|180
Central|781|170
Central|841|18
Central|783|191
Central|896|5
Central|908|47
Central|909|41
Central|788|77
Central|789|69
Central|849|119
Central|925|70
Central|926|40
Central|983|48
Central|927|2
Central|882|1
Central|954|22
Central|881|130
Central|880|142
Central|887|6
Central|970|5
Central|886|13
Central|854|208
Central|855|81
Central|856|139
Central|857|41
Central|850|24
Central|953|32
Central|852|200
Central|853|12
Central|832|85
Central|858|99
Central|859|251
Central|979|22
Central|978|2
Central|730|43
Central|733|3
Central|732|18
Central|736|16
Central|739|32
Central|738|166
Central|965|20
Central|753|41
Central|752|29
Central|751|20
Central|750|33
Central|757|20
Central|756|34
Central|755|38
Central|754|54
Central|833|13
Central|759|85
Central|758|68
Central|900|14
Central|987|48
Central|787|58
Central|902|3
Central|843|108
Central|985|68
Central|931|2
Central|937|85
Central|869|314
Central|868|78
Central|966|25
Central|907|15
Central|782|192
Central|962|16
Central|830|2
Central|861|37
Central|860|42
Central|863|343
Central|862|180
Central|865|147
Central|864|283
Central|867|276
Central|936|34
Central|726|49
Central|727|7
Central|725|121
Central|722|79
Central|723|9
Central|729|121
Central|883|205
Central|741|27
Central|742|41
Central|743|121
Central|744|2
Central|745|19
Central|885|16
Central|747|53
Central|748|103
Central|749|38
Central|889|14
Central|888|4
Central|991|32
Central|935|52
Central|905|82
Central|959|16
Central|958|13
Central|866|1
Central|993|37
Central|878|1
Central|876|201
Central|877|173
Central|874|170
Central|875|346
Central|955|23
Central|873|44
Central|870|211
Central|956|1
Central|775|48
Central|774|70
Central|777|76
Central|776|68
Central|771|77
Central|770|218
Central|773|68
Central|772|80
Central|898|2
Central|899|11
Central|779|173
Central|778|75
Central|998|115
Central|831|48
Central|793|150
Central|948|45
Central|949|20
Central|946|4
Central|947|6
Central|944|40
Central|835|111
Central|903|1
Central|940|64
Central|941|13
Central|951|17
Central|809|129
Central|808|49
Central|950|5
Central|802|7
Central|801|152
Central|800|120
Central|807|14
Central|806|34
Central|805|8
Central|804|25
Southwest|768|312
Southwest|769|189
Southwest|762|641
Southwest|763|527
Southwest|760|570
Southwest|761|512
Southwest|766|304
Southwest|767|205
Southwest|764|297
Southwest|765|516
Southwest|957|171
Southwest|871|470
Southwest|930|374
Southwest|819|128
Southwest|939|173
Southwest|938|228
Southwest|810|96
Southwest|811|75
Southwest|992|69
Southwest|813|167
Southwest|814|132
Southwest|815|147
Southwest|816|49
Southwest|817|46
Southwest|994|70
Southwest|997|189
Southwest|996|106
Southwest|981|141
Southwest|990|59
Southwest|719|35
Southwest|718|117
Southwest|717|133
Southwest|716|675
Southwest|715|1446
Southwest|714|803
Southwest|999|323
Southwest|712|1702
Southwest|711|1385
Southwest|710|7
Southwest|891|22
Southwest|967|113
Southwest|945|159
Southwest|969|209
Southwest|892|98
Southwest|929|228
Southwest|964|41
Southwest|828|32
Southwest|825|217
Southwest|824|226
Southwest|827|26
Southwest|826|249
Southwest|924|75
Southwest|820|178
Southwest|823|61
Southwest|822|235
Southwest|890|24
Southwest|988|104
Southwest|989|37
Southwest|708|1332
Southwest|709|215
Southwest|961|115
Southwest|982|72
Southwest|983|76
Southwest|980|96
Southwest|707|1361
Southwest|986|66
Southwest|987|86
Southwest|984|84
Southwest|985|75
Southwest|893|50
Southwest|894|65
Southwest|866|46
Southwest|874|450
Southwest|832|233
Southwest|796|237
Southwest|830|20
Southwest|831|169
Southwest|836|242
Southwest|792|222
Southwest|791|143
Southwest|835|381
Southwest|838|112
Southwest|839|29
Southwest|799|336
Southwest|798|410
Southwest|713|93
Southwest|919|13
Southwest|918|60
Southwest|915|11
Southwest|914|20
Southwest|917|117
Southwest|916|46
Southwest|910|96
Southwest|913|35
Southwest|977|225
Southwest|976|387
Southwest|895|32
Southwest|975|148
Southwest|920|88
Southwest|906|30
Southwest|974|231
Southwest|921|676
Southwest|973|350
Southwest|904|154
Southwest|872|311
Southwest|922|382
Southwest|784|483
Southwest|785|158
Southwest|786|201
Southwest|844|305
Southwest|843|288
Southwest|781|435
Southwest|782|590
Southwest|783|562
Southwest|896|28
Southwest|908|56
Southwest|909|93
Southwest|788|176
Southwest|789|234
Southwest|849|370
Southwest|925|123
Southwest|926|71
Southwest|927|5
Southwest|932|133
Southwest|882|59
Southwest|942|1
Southwest|954|174
Southwest|881|339
Southwest|880|472
Southwest|970|83
Southwest|797|440
Southwest|886|57
Southwest|854|544
Southwest|855|224
Southwest|856|425
Southwest|857|175
Southwest|850|119
Southwest|972|151
Southwest|852|555
Southwest|853|111
Southwest|884|601
Southwest|858|421
Southwest|859|670
Southwest|979|139
Southwest|978|37
Southwest|730|199
Southwest|733|18
Southwest|732|96
Southwest|736|48
Southwest|739|76
Southwest|738|394
Southwest|965|121
Southwest|753|150
Southwest|752|106
Southwest|751|136
Southwest|750|104
Southwest|757|41
Southwest|756|90
Southwest|755|88
Southwest|754|125
Southwest|833|50
Southwest|759|176
Southwest|758|181
Southwest|900|35
Southwest|933|191
Southwest|787|171
Southwest|902|6
Southwest|795|314
Southwest|780|435
Southwest|931|181
Southwest|937|135
Southwest|869|556
Southwest|868|216
Southwest|966|176
Southwest|907|34
Southwest|960|28
Southwest|841|136
Southwest|962|91
Southwest|963|64
Southwest|861|76
Southwest|860|234
Southwest|863|706
Southwest|862|445
Southwest|865|325
Southwest|864|716
Southwest|867|512
Southwest|936|61
Southwest|726|195
Southwest|727|25
Southwest|725|269
Southwest|722|241
Southwest|723|37
Southwest|947|27
Southwest|934|165
Southwest|729|260
Southwest|883|465
Southwest|741|41
Southwest|742|184
Southwest|743|255
Southwest|887|15
Southwest|745|23
Southwest|885|53
Southwest|747|172
Southwest|748|283
Southwest|749|158
Southwest|889|48
Southwest|888|16
Southwest|991|65
Southwest|928|157
Southwest|935|67
Southwest|923|205
Southwest|905|108
Southwest|959|66
Southwest|958|108
Southwest|993|39
Southwest|878|566
Southwest|879|49
Southwest|951|95
Southwest|877|562
Southwest|953|130
Southwest|952|154
Southwest|955|103
Southwest|873|747
Southwest|870|1311
Southwest|956|71
Southwest|968|85
Southwest|775|145
Southwest|774|114
Southwest|777|147
Southwest|776|146
Southwest|771|153
Southwest|770|596
Southwest|773|141
Southwest|772|131
Southwest|899|35
Southwest|779|507
Southwest|778|138
Southwest|998|351
Southwest|794|381
Southwest|875|681
Southwest|793|389
Southwest|948|140
Southwest|949|87
Southwest|946|7
Southwest|971|57
Southwest|944|84
Southwest|790|227
Southwest|903|4
Southwest|943|1
Southwest|940|165
Southwest|941|8
Southwest|876|543
Southwest|809|290
Southwest|808|214
Southwest|950|14
Southwest|802|65
Southwest|801|458
Southwest|800|264
Southwest|807|90
Southwest|806|232
Southwest|805|26
Southwest|804|152
Southeast|768|115
Southeast|769|52
Southeast|762|210
Southeast|763|200
Southeast|760|218
Southeast|761|190
Southeast|766|105
Southeast|767|50
Southeast|764|107
Southeast|765|194
Southeast|870|192
Southeast|871|2
Southeast|930|3
Southeast|819|51
Southeast|939|65
Southeast|938|80
Southeast|810|63
Southeast|811|22
Southeast|813|75
Southeast|814|45
Southeast|815|47
Southeast|816|28
Southeast|817|33
Southeast|964|15
Southeast|997|36
Southeast|996|27
Southeast|981|48
Southeast|990|38
Southeast|719|7
Southeast|718|59
Southeast|717|56
Southeast|716|242
Southeast|715|539
Southeast|714|301
Southeast|999|98
Southeast|712|537
Southeast|711|427
Southeast|710|19
Southeast|961|40
Southeast|971|6
Southeast|892|27
Southeast|945|24
Southeast|828|9
Southeast|953|41
Southeast|825|71
Southeast|824|64
Southeast|827|7
Southeast|826|83
Southeast|924|33
Southeast|820|55
Southeast|823|39
Southeast|822|92
Southeast|890|9
Southeast|988|25
Southeast|989|17
Southeast|708|388
Southeast|709|264
Southeast|891|13
Southeast|982|13
Southeast|983|24
Southeast|980|39
Southeast|707|367
Southeast|986|32
Southeast|987|34
Southeast|984|31
Southeast|985|21
Southeast|950|3
Southeast|893|21
Southeast|894|15
Southeast|866|1
Southeast|994|7
Southeast|895|16
Southeast|832|59
Southeast|833|18
Southeast|830|2
Southeast|831|35
Southeast|836|103
Southeast|792|71
Southeast|791|55
Southeast|835|146
Southeast|838|39
Southeast|839|6
Southeast|799|84
Southeast|798|111
Southeast|713|2
Southeast|919|3
Southeast|918|27
Southeast|915|7
Southeast|914|5
Southeast|917|20
Southeast|916|19
Southeast|911|1
Southeast|910|40
Southeast|913|12
Southeast|977|63
Southeast|976|129
Southeast|975|29
Southeast|920|28
Southeast|974|53
Southeast|921|2
Southeast|973|104
Southeast|904|53
Southeast|922|1
Southeast|784|90
Southeast|785|59
Southeast|786|57
Southeast|787|54
Southeast|780|120
Southeast|781|137
Southeast|782|231
Southeast|783|142
Southeast|896|13
Southeast|908|21
Southeast|909|15
Southeast|788|72
Southeast|789|70
Southeast|849|124
Southeast|925|44
Southeast|926|22
Southeast|952|22
Southeast|927|1
Southeast|954|41
Southeast|881|114
Southeast|880|119
Southeast|970|26
Southeast|797|151
Southeast|886|21
Southeast|854|198
Southeast|855|73
Southeast|856|162
Southeast|857|57
Southeast|850|34
Southeast|972|63
Southeast|852|198
Southeast|853|28
Southeast|884|249
Southeast|858|156
Southeast|859|242
Southeast|979|34
Southeast|978|11
Southeast|730|93
Southeast|733|11
Southeast|732|19
Southeast|736|16
Southeast|739|21
Southeast|738|139
Southeast|965|33
Southeast|753|47
Southeast|752|23
Southeast|751|17
Southeast|750|14
Southeast|757|14
Southeast|756|29
Southeast|755|50
Southeast|754|65
Southeast|759|54
Southeast|758|68
Southeast|900|14
Southeast|933|1
Southeast|844|79
Southeast|902|5
Southeast|795|77
Southeast|843|87
Southeast|937|48
Southeast|869|255
Southeast|868|78
Southeast|966|37
Southeast|967|22
Southeast|960|13
Southeast|841|52
Southeast|962|25
Southeast|963|19
Southeast|861|71
Southeast|860|70
Southeast|863|363
Southeast|862|302
Southeast|865|153
Southeast|864|312
Southeast|867|358
Southeast|936|21
Southeast|726|63
Southeast|727|8
Southeast|725|106
Southeast|722|92
Southeast|723|9
Southeast|969|54
Southeast|729|107
Southeast|883|198
Southeast|741|36
Southeast|742|44
Southeast|743|84
Southeast|744|5
Southeast|745|29
Southeast|885|23
Southeast|747|43
Southeast|748|107
Southeast|749|33
Southeast|889|21
Southeast|888|3
Southeast|796|68
Southeast|991|35
Southeast|935|33
Southeast|907|8
Southeast|905|40
Southeast|959|27
Southeast|958|35
Southeast|993|21
Southeast|878|3
Southeast|876|207
Southeast|877|187
Southeast|874|116
Southeast|992|26
Southeast|955|25
Southeast|873|69
Southeast|906|18
Southeast|956|17
Southeast|968|15
Southeast|957|47
Southeast|775|155
Southeast|774|114
Southeast|777|132
Southeast|776|117
Southeast|771|118
Southeast|770|199
Southeast|773|122
Southeast|772|111
Southeast|899|22
Southeast|779|172
Southeast|778|101
Southeast|998|103
Southeast|794|101
Southeast|793|111
Southeast|948|28
Southeast|949|16
Southeast|946|5
Southeast|947|12
Southeast|944|28
Southeast|790|47
Southeast|942|4
Southeast|943|3
Southeast|940|72
Southeast|941|10
Southeast|951|22
Southeast|809|103
Southeast|808|22
Southeast|875|219
Southeast|802|8
Southeast|801|130
Southeast|800|65
Southeast|807|10
Southeast|806|7
Southeast|805|7
Southeast|804|17
Canada|768|231
Canada|769|117
Canada|946|7
Canada|762|465
Canada|763|370
Canada|760|489
Canada|761|350
Canada|766|206
Canada|767|93
Canada|764|235
Canada|765|374
Canada|957|123
Canada|956|35
Canada|930|277
Canada|819|108
Canada|939|128
Canada|938|170
Canada|810|83
Canada|811|31
Canada|992|93
Canada|813|112
Canada|814|94
Canada|815|113
Canada|816|45
Canada|817|34
Canada|994|64
Canada|997|46
Canada|996|82
Canada|981|86
Canada|990|58
Canada|719|13
Canada|718|92
Canada|717|100
Canada|716|636
Canada|715|1433
Canada|714|756
Canada|999|173
Canada|712|1638
Canada|711|1241
Canada|710|18
Canada|884|728
Canada|891|27
Canada|967|53
Canada|906|37
Canada|971|27
Canada|928|139
Canada|929|226
Canada|945|135
Canada|964|26
Canada|828|24
Canada|825|180
Canada|824|194
Canada|827|13
Canada|826|153
Canada|924|75
Canada|820|102
Canada|823|69
Canada|822|215
Canada|890|17
Canada|988|94
Canada|989|48
Canada|708|1285
Canada|709|163
Canada|961|110
Canada|982|58
Canada|983|67
Canada|980|42
Canada|707|1159
Canada|986|66
Canada|892|61
Canada|984|76
Canada|985|91
Canada|893|65
Canada|894|53
Canada|866|35
Canada|895|55
Canada|797|299
Canada|833|43
Canada|795|188
Canada|794|215
Canada|793|265
Canada|792|113
Canada|791|128
Canada|790|153
Canada|838|91
Canada|839|24
Canada|799|187
Canada|798|222
Canada|713|82
Canada|919|7
Canada|918|70
Canada|915|13
Canada|914|7
Canada|917|132
Canada|916|52
Canada|911|3
Canada|910|115
Canada|913|22
Canada|977|97
Canada|963|41
Canada|976|245
Canada|975|49
Canada|920|78
Canada|974|148
Canada|921|649
Canada|973|264
Canada|904|156
Canada|922|303
Canada|972|93
Canada|784|296
Canada|785|135
Canada|786|137
Canada|787|147
Canada|843|283
Canada|781|364
Canada|841|152
Canada|783|455
Canada|896|21
Canada|908|72
Canada|909|132
Canada|788|126
Canada|789|146
Canada|849|307
Canada|925|111
Canada|926|88
Canada|952|94
Canada|882|40
Canada|954|120
Canada|881|294
Canada|880|496
Canada|887|12
Canada|970|55
Canada|886|36
Canada|854|518
Canada|855|214
Canada|856|404
Canada|857|146
Canada|850|108
Canada|953|93
Canada|852|455
Canada|853|100
Canada|832|211
Canada|858|467
Canada|859|692
Canada|979|121
Canada|978|24
Canada|730|141
Canada|733|31
Canada|732|63
Canada|736|61
Canada|739|52
Canada|738|350
Canada|965|99
Canada|753|125
Canada|752|54
Canada|751|56
Canada|750|42
Canada|757|23
Canada|756|100
Canada|755|99
Canada|754|154
Canada|759|93
Canada|758|221
Canada|900|29
Canada|987|68
Canada|933|176
Canada|844|262
Canada|902|2
Canada|932|93
Canada|780|350
Canada|931|103
Canada|937|170
Canada|869|681
Canada|868|245
Canada|966|119
Canada|907|34
Canada|960|22
Canada|782|536
Canada|962|92
Canada|830|18
Canada|861|124
Canada|860|258
Canada|863|702
Canada|862|423
Canada|865|447
Canada|864|777
Canada|867|667
Canada|936|58
Canada|726|165
Canada|727|26
Canada|725|231
Canada|722|243
Canada|723|21
Canada|969|133
Canada|934|92
Canada|729|218
Canada|883|489
Canada|741|27
Canada|742|136
Canada|743|221
Canada|744|4
Canada|745|27
Canada|885|41
Canada|747|129
Canada|748|224
Canada|749|82
Canada|889|63
Canada|888|17
Canada|796|99
Canada|991|62
Canada|935|87
Canada|923|165
Canada|905|113
Canada|959|45
Canada|958|99
Canada|993|54
Canada|878|400
Canada|879|32
Canada|876|594
Canada|877|594
Canada|874|231
Canada|875|378
Canada|872|116
Canada|873|638
Canada|870|1078
Canada|871|362
Canada|968|19
Canada|775|118
Canada|774|61
Canada|777|84
Canada|776|100
Canada|771|91
Canada|770|559
Canada|773|80
Canada|772|95
Canada|898|2
Canada|899|38
Canada|779|374
Canada|778|84
Canada|998|245
Canada|831|125
Canada|836|199
Canada|948|126
Canada|949|59
Canada|955|71
Canada|947|22
Canada|944|72
Canada|835|326
Canada|903|3
Canada|940|122
Canada|941|20
Canada|951|96
Canada|809|296
Canada|808|173
Canada|950|9
Canada|802|39
Canada|801|279
Canada|800|99
Canada|807|54
Canada|806|164
Canada|805|14
Canada|804|94
France|768|35
France|769|11
France|762|113
France|763|74
France|760|108
France|761|95
France|766|45
France|767|13
France|764|52
France|765|71
France|957|116
France|956|51
France|947|22
France|819|32
France|939|50
France|938|76
France|810|16
France|811|9
France|931|151
France|813|32
France|814|20
France|815|28
France|816|11
France|817|12
France|964|37
France|997|36
France|996|47
France|981|35
France|990|21
France|719|14
France|718|36
France|717|35
France|716|209
France|715|418
France|714|259
France|999|111
France|712|587
France|711|519
France|929|91
France|967|76
France|961|103
France|963|48
France|892|45
France|923|280
France|945|101
France|828|3
France|825|32
France|824|39
France|827|2
France|826|40
France|924|49
France|820|30
France|823|22
France|822|64
France|890|12
France|988|43
France|989|17
France|708|499
France|891|11
France|982|12
France|983|15
France|980|25
France|707|503
France|986|14
France|987|30
France|984|23
France|985|34
France|950|8
France|893|34
France|894|43
France|866|19
France|994|35
France|895|32
France|797|114
France|796|43
France|795|81
France|831|28
France|836|73
France|792|40
France|791|37
France|790|57
France|838|36
France|839|12
France|799|64
France|798|90
France|713|47
France|919|7
France|918|34
France|915|7
France|914|6
France|917|54
France|916|40
France|910|48
France|913|9
France|977|79
France|976|186
France|975|44
France|920|46
France|974|83
France|921|176
France|973|135
France|872|176
France|922|293
France|972|112
France|784|124
France|785|30
France|786|30
France|844|90
France|843|70
France|781|137
France|782|252
France|783|184
France|896|23
France|908|26
France|909|59
France|788|20
France|789|82
France|849|78
France|925|42
France|926|18
France|952|102
France|882|38
France|954|95
France|881|165
France|880|236
France|970|73
France|854|120
France|855|54
France|856|101
France|857|46
France|850|39
France|953|87
France|852|122
France|853|28
France|884|354
France|858|185
France|859|283
France|979|87
France|978|39
France|730|35
France|736|16
France|739|25
France|738|100
France|965|106
France|753|13
France|752|19
France|751|23
France|750|23
France|906|13
France|903|3
France|759|14
France|900|25
France|933|73
France|787|33
France|902|8
France|932|108
France|780|159
France|937|72
France|869|221
France|868|88
France|966|115
France|930|65
France|960|40
France|841|49
France|962|86
France|830|5
France|861|35
France|860|141
France|863|135
France|862|112
France|865|215
France|864|394
France|867|225
France|936|28
France|726|27
France|727|7
France|725|38
France|722|67
France|723|17
France|969|103
France|934|165
France|729|38
France|883|250
France|904|71
France|742|51
France|743|78
France|887|19
France|886|44
France|885|39
France|747|53
France|748|68
France|749|13
France|889|69
France|888|9
France|991|17
France|928|55
France|935|50
France|907|30
France|905|47
France|959|46
France|958|64
France|993|10
France|878|102
France|879|19
France|876|343
France|877|281
France|874|77
France|992|39
France|955|63
France|873|360
France|870|568
France|871|167
France|968|36
France|775|4
France|832|39
France|777|5
France|776|3
France|771|4
France|770|112
France|773|2
France|833|22
France|898|3
France|899|32
France|779|140
France|778|2
France|998|151
France|794|115
France|793|120
France|948|90
France|949|47
France|946|5
France|971|32
France|944|41
France|835|115
France|940|42
France|941|12
France|951|76
France|809|83
France|808|69
France|875|59
France|802|17
France|801|118
France|800|39
France|807|15
France|806|28
France|805|2
France|804|23
Germany|768|4
Germany|769|9
Germany|762|20
Germany|763|12
Germany|760|17
Germany|761|19
Germany|766|8
Germany|767|4
Germany|764|4
Germany|765|16
Germany|862|9
Germany|957|143
Germany|956|28
Germany|992|17
Germany|930|78
Germany|819|2
Germany|939|12
Germany|938|9
Germany|933|37
Germany|811|7
Germany|931|153
Germany|813|16
Germany|937|30
Germany|936|8
Germany|935|10
Germany|934|120
Germany|994|17
Germany|997|47
Germany|996|28
Germany|981|21
Germany|990|13
Germany|993|12
Germany|718|7
Germany|717|7
Germany|716|150
Germany|715|336
Germany|714|205
Germany|999|64
Germany|712|555
Germany|711|410
Germany|945|45
Germany|928|72
Germany|929|87
Germany|828|2
Germany|920|10
Germany|921|188
Germany|922|277
Germany|923|185
Germany|924|5
Germany|925|13
Germany|926|15
Germany|822|10
Germany|890|8
Germany|988|13
Germany|989|11
Germany|708|415
Germany|891|12
Germany|982|26
Germany|968|38
Germany|980|18
Germany|707|412
Germany|986|12
Germany|892|79
Germany|984|16
Germany|864|406
Germany|893|60
Germany|894|12
Germany|770|14
Germany|797|45
Germany|796|36
Germany|795|48
Germany|794|35
Germany|793|41
Germany|792|36
Germany|791|16
Germany|790|25
Germany|838|7
Germany|799|40
Germany|798|36
Germany|713|40
Germany|918|10
Germany|915|13
Germany|914|9
Germany|917|9
Germany|916|61
Germany|910|13
Germany|913|2
Germany|854|11
Germany|976|43
Germany|902|2
Germany|824|4
Germany|904|26
Germany|872|176
Germany|784|86
Germany|903|1
Germany|900|28
Germany|826|2
Germany|780|71
Germany|781|87
Germany|782|77
Germany|783|64
Germany|896|35
Germany|908|9
Germany|909|11
Germany|789|21
Germany|849|2
Germany|873|311
Germany|952|43
Germany|927|2
Germany|852|16
Germany|742|8
Germany|743|12
Germany|977|49
Germany|855|4
Germany|975|33
Germany|974|33
Germany|973|54
Germany|972|118
Germany|971|27
Germany|970|62
Germany|747|5
Germany|858|165
Germany|859|205
Germany|979|85
Germany|978|20
Germany|730|2
Germany|843|1
Germany|983|20
Germany|739|5
Germany|738|6
Germany|753|23
Germany|752|14
Germany|751|18
Germany|750|28
Germany|833|2
Germany|759|9
Germany|736|2
Germany|987|17
Germany|810|5
Germany|932|89
Germany|906|4
Germany|985|19
Germany|856|10
Germany|907|18
Germany|964|27
Germany|965|127
Germany|966|103
Germany|967|76
Germany|960|29
Germany|961|127
Germany|962|94
Germany|963|66
Germany|861|7
Germany|860|97
Germany|863|13
Germany|905|20
Germany|865|202
Germany|969|124
Germany|867|66
Germany|866|10
Germany|726|2
Germany|722|7
Germany|729|2
Germany|883|216
Germany|882|21
Germany|881|179
Germany|880|259
Germany|887|10
Germany|886|52
Germany|885|45
Germany|884|358
Germany|748|13
Germany|749|26
Germany|889|59
Germany|888|9
Germany|991|11
Germany|959|56
Germany|958|87
Germany|878|161
Germany|879|20
Germany|876|246
Germany|877|249
Germany|874|49
Germany|875|76
Germany|955|73
Germany|954|119
Germany|870|677
Germany|871|187
Germany|775|2
Germany|774|3
Germany|777|6
Germany|776|5
Germany|771|5
Germany|895|44
Germany|773|3
Germany|772|5
Germany|899|29
Germany|779|95
Germany|778|1
Germany|998|58
Germany|832|1
Germany|836|12
Germany|869|92
Germany|948|28
Germany|949|17
Germany|946|6
Germany|947|28
Germany|944|12
Germany|835|18
Germany|940|9
Germany|941|25
Germany|951|36
Germany|809|18
Germany|808|14
Germany|950|3
Germany|801|45
Germany|800|33
Germany|953|62
Germany|868|24
Australia|768|16
Australia|769|13
Australia|762|27
Australia|763|27
Australia|760|11
Australia|761|19
Australia|766|22
Australia|767|17
Australia|764|16
Australia|765|11
Australia|870|913
Australia|909|13
Australia|871|272
Australia|992|14
Australia|707|541
Australia|933|167
Australia|932|285
Australia|931|204
Australia|930|240
Australia|937|16
Australia|936|2
Australia|935|7
Australia|934|107
Australia|994|30
Australia|997|94
Australia|996|47
Australia|991|12
Australia|990|6
Australia|993|10
Australia|868|77
Australia|716|65
Australia|715|253
Australia|714|106
Australia|999|103
Australia|712|619
Australia|711|544
Australia|910|6
Australia|928|212
Australia|929|198
Australia|920|7
Australia|921|514
Australia|922|511
Australia|923|195
Australia|924|12
Australia|925|6
Australia|926|1
Australia|890|5
Australia|988|19
Australia|989|8
Australia|708|528
Australia|891|6
Australia|982|23
Australia|983|32
Australia|980|21
Australia|981|25
Australia|986|6
Australia|892|50
Australia|984|15
Australia|864|292
Australia|893|22
Australia|771|21
Australia|770|26
Australia|797|81
Australia|796|128
Australia|795|143
Australia|794|129
Australia|793|105
Australia|792|144
Australia|791|47
Australia|790|61
Australia|897|3
Australia|799|87
Australia|798|84
Australia|713|40
Australia|918|4
Australia|915|5
Australia|914|11
Australia|917|11
Australia|916|46
Australia|875|61
Australia|902|1
Australia|904|14
Australia|784|162
Australia|903|1
Australia|900|13
Australia|780|161
Australia|781|147
Australia|782|179
Australia|783|187
Australia|896|16
Australia|908|2
Australia|955|97
Australia|789|50
Australia|835|1
Australia|873|674
Australia|742|7
Australia|743|9
Australia|977|101
Australia|976|68
Australia|975|62
Australia|974|62
Australia|973|56
Australia|972|107
Australia|971|58
Australia|970|67
Australia|747|3
Australia|858|145
Australia|859|219
Australia|979|97
Australia|978|53
Australia|739|1
Australia|753|107
Australia|752|101
Australia|751|109
Australia|750|89
Australia|906|2
Australia|759|24
Australia|987|11
Australia|810|1
Australia|968|85
Australia|985|10
Australia|907|28
Australia|964|48
Australia|965|82
Australia|966|143
Australia|967|81
Australia|960|58
Australia|961|101
Australia|962|90
Australia|963|67
Australia|860|91
Australia|905|11
Australia|865|155
Australia|969|136
Australia|867|83
Australia|866|44
Australia|883|278
Australia|882|148
Australia|881|228
Australia|880|304
Australia|887|2
Australia|886|27
Australia|885|23
Australia|884|314
Australia|748|7
Australia|749|111
Australia|889|62
Australia|888|4
Australia|959|69
Australia|958|75
Australia|878|325
Australia|879|65
Australia|951|55
Australia|877|336
Australia|953|94
Australia|952|70
Australia|872|509
Australia|954|151
Australia|957|163
Australia|956|71
Australia|775|25
Australia|774|21
Australia|777|27
Australia|776|22
Australia|894|29
Australia|895|27
Australia|773|28
Australia|772|20
Australia|898|2
Australia|899|18
Australia|779|184
Australia|778|34
Australia|998|93
Australia|869|110
Australia|948|59
Australia|949|33
Australia|946|5
Australia|947|30
Australia|944|8
Australia|945|95
Australia|941|14
Australia|876|223
Australia|809|17
Australia|808|12
Australia|801|76
Australia|800|85
Australia|874|51
United Kingdom|768|28
United Kingdom|769|29
United Kingdom|946|9
United Kingdom|762|70
United Kingdom|763|59
United Kingdom|760|86
United Kingdom|761|59
United Kingdom|766|39
United Kingdom|767|25
United Kingdom|764|43
United Kingdom|765|64
United Kingdom|870|679
United Kingdom|937|44
United Kingdom|909|36
United Kingdom|871|210
United Kingdom|981|60
United Kingdom|930|74
United Kingdom|819|18
United Kingdom|939|38
United Kingdom|938|48
United Kingdom|810|29
United Kingdom|811|10
United Kingdom|992|40
United Kingdom|813|35
United Kingdom|814|23
United Kingdom|815|45
United Kingdom|816|13
United Kingdom|817|13
United Kingdom|869|193
United Kingdom|997|64
United Kingdom|996|43
United Kingdom|991|36
United Kingdom|990|31
United Kingdom|719|9
United Kingdom|718|29
United Kingdom|717|27
United Kingdom|716|214
United Kingdom|715|392
United Kingdom|714|257
United Kingdom|999|123
United Kingdom|712|688
United Kingdom|711|560
United Kingdom|884|346
United Kingdom|891|8
United Kingdom|945|65
United Kingdom|971|37
United Kingdom|868|78
United Kingdom|929|119
United Kingdom|828|5
United Kingdom|953|84
United Kingdom|825|56
United Kingdom|824|58
United Kingdom|827|2
United Kingdom|826|33
United Kingdom|924|26
United Kingdom|820|23
United Kingdom|823|20
United Kingdom|822|35
United Kingdom|890|6
United Kingdom|988|50
United Kingdom|989|24
United Kingdom|708|557
United Kingdom|961|64
United Kingdom|982|46
United Kingdom|968|46
United Kingdom|980|31
United Kingdom|707|545
United Kingdom|986|31
United Kingdom|892|32
United Kingdom|984|44
United Kingdom|864|323
United Kingdom|893|16
United Kingdom|894|25
United Kingdom|866|17
United Kingdom|895|24
United Kingdom|797|128
United Kingdom|796|79
United Kingdom|795|108
United Kingdom|794|112
United Kingdom|836|42
United Kingdom|792|80
United Kingdom|791|46
United Kingdom|790|38
United Kingdom|838|29
United Kingdom|839|10
United Kingdom|799|88
United Kingdom|798|115
United Kingdom|713|53
United Kingdom|919|7
United Kingdom|918|25
United Kingdom|915|7
United Kingdom|914|8
United Kingdom|917|47
United Kingdom|916|41
United Kingdom|911|5
United Kingdom|910|32
United Kingdom|913|9
United Kingdom|723|6
United Kingdom|977|95
United Kingdom|963|34
United Kingdom|976|118
United Kingdom|975|50
United Kingdom|920|30
United Kingdom|974|75
United Kingdom|921|239
United Kingdom|973|124
United Kingdom|922|326
United Kingdom|784|155
United Kingdom|785|42
United Kingdom|786|53
United Kingdom|844|59
United Kingdom|843|49
United Kingdom|781|182
United Kingdom|782|234
United Kingdom|783|240
United Kingdom|896|20
United Kingdom|908|25
United Kingdom|970|49
United Kingdom|788|39
United Kingdom|789|46
United Kingdom|849|54
United Kingdom|925|44
United Kingdom|926|23
United Kingdom|983|38
United Kingdom|873|381
United Kingdom|927|1
United Kingdom|897|1
United Kingdom|882|44
United Kingdom|881|165
United Kingdom|880|261
United Kingdom|854|108
United Kingdom|855|50
United Kingdom|856|82
United Kingdom|857|32
United Kingdom|850|24
United Kingdom|972|88
United Kingdom|852|96
United Kingdom|853|19
United Kingdom|832|55
United Kingdom|858|176
United Kingdom|859|316
United Kingdom|979|98
United Kingdom|978|34
United Kingdom|730|21
United Kingdom|736|13
United Kingdom|739|30
United Kingdom|738|81
United Kingdom|753|24
United Kingdom|752|24
United Kingdom|751|21
United Kingdom|750|16
United Kingdom|906|14
United Kingdom|903|4
United Kingdom|833|13
United Kingdom|759|20
United Kingdom|900|27
United Kingdom|987|39
United Kingdom|933|62
United Kingdom|787|51
United Kingdom|902|1
United Kingdom|932|117
United Kingdom|780|173
United Kingdom|985|36
United Kingdom|931|147
United Kingdom|907|12
United Kingdom|964|28
United Kingdom|965|92
United Kingdom|966|99
United Kingdom|967|68
United Kingdom|960|27
United Kingdom|841|30
United Kingdom|962|49
United Kingdom|830|6
United Kingdom|861|20
United Kingdom|860|99
United Kingdom|863|192
United Kingdom|862|162
United Kingdom|865|234
United Kingdom|969|93
United Kingdom|867|254
United Kingdom|936|34
United Kingdom|726|18
United Kingdom|727|2
United Kingdom|725|37
United Kingdom|722|35
United Kingdom|935|41
United Kingdom|934|177
United Kingdom|729|29
United Kingdom|883|254
United Kingdom|904|70
United Kingdom|742|39
United Kingdom|743|70
United Kingdom|887|3
United Kingdom|886|25
United Kingdom|994|33
United Kingdom|747|30
United Kingdom|748|80
United Kingdom|749|31
United Kingdom|889|55
United Kingdom|888|8
United Kingdom|928|83
United Kingdom|923|301
United Kingdom|905|39
United Kingdom|959|40
United Kingdom|958|75
United Kingdom|993|24
United Kingdom|878|144
United Kingdom|879|28
United Kingdom|876|268
United Kingdom|877|291
United Kingdom|874|91
United Kingdom|952|55
United Kingdom|872|229
United Kingdom|954|90
United Kingdom|957|104
United Kingdom|956|37
United Kingdom|885|51
United Kingdom|775|4
United Kingdom|774|3
United Kingdom|777|3
United Kingdom|776|3
United Kingdom|771|8
United Kingdom|770|57
United Kingdom|773|5
United Kingdom|772|5
United Kingdom|898|1
United Kingdom|899|41
United Kingdom|779|192
United Kingdom|778|4
United Kingdom|998|133
United Kingdom|831|40
United Kingdom|875|129
United Kingdom|793|126
United Kingdom|948|77
United Kingdom|949|34
United Kingdom|955|51
United Kingdom|947|16
United Kingdom|944|31
United Kingdom|835|73
United Kingdom|942|1
United Kingdom|943|1
United Kingdom|940|45
United Kingdom|941|9
United Kingdom|951|45
United Kingdom|809|112
United Kingdom|808|71
United Kingdom|950|7
United Kingdom|802|15
United Kingdom|801|118
United Kingdom|800|66
United Kingdom|807|12
United Kingdom|806|46
United Kingdom|805|7
United Kingdom|804|31
